{
  "$schema": "https://turbo.build/schema.json",
  "tasks": {
    "build": {
      "inputs": ["$TURBO_DEFAULT$", ".env*"],
      "outputs": ["dist/**"],
      "dependsOn": ["^build"]
    },
    "build:dist": {
      "outputs": ["dist/**"],
      "dependsOn": ["^build:dist"],
      "cache": false
    },
    "build:dev": {
      "cache": false,
      "dependsOn": ["^build:dev"]
    },
    "lint": {
      "dependsOn": ["^lint"]
    },
    "dev": {
      "cache": false,
      "persistent": true
    },
    "dev:docker": {
      "cache": false,
      "persistent": true
    },
    "clean": {
      "cache": false
    },
    "test": {
      "dependsOn": ["^test"]
    },
    "components#test": {
      "dependsOn": ["foundations#test"]
    },
    "storybook:build": {
      "outputs": ["dist/**"],
      "cache": false
    },
    "foundations#test": {},
    "test:watch": {
      "cache": false,
      "persistent": true
    }
  }
}
