{
  "color": {
    "text": {
      "brand-default": {
        "$type": "color",
        "$value": "{theme-colors.brand.base}"
      },
      "brand-hover": {
        "$type": "color",
        "$value": "{theme-colors.brand.darker}"
      },
      "brand-active": {
        "$type": "color",
        "$value": "{theme-colors.brand.darkest}"
      },
      "brand-pressed": {
        "$type": "color",
        "$value": "{theme-colors.brand.darkest}"
      },
      "on-brand": {
        "$type": "color",
        "$value": "{theme-colors.neutral.white}"
      },
      "body": {
        "$type": "color",
        "$value": "{theme-colors.text.secondary}"
      },
      "heading": {
        "$type": "color",
        "$value": "{theme-colors.text.primary}"
      },
      "subheading": {
        "$type": "color",
        "$value": "{theme-colors.text.secondary}"
      },
      "label": {
        "$type": "color",
        "$value": "{theme-colors.text.indicator}"
      },
      "disabled": {
        "$type": "color",
        "$value": "{theme-colors.disabled.text}"
      },
      "inverse": {
        "$type": "color",
        "$value": "{theme-colors.neutral.white}"
      },
      "placeholder": {
        "$type": "color",
        "$value": "{theme-colors.text.placeholder}"
      },
      "required": {
        "$type": "color",
        "$value": "{theme-colors.supporting.error-base}"
      },
      "helpertext": {
        "$type": "color",
        "$value": "{theme-colors.text.secondary}"
      },
      "success": {
        "$type": "color",
        "$value": "{theme-colors.supporting.success-dark}"
      },
      "error": {
        "$type": "color",
        "$value": "{theme-colors.supporting.error-base}"
      },
      "warning": {
        "$type": "color",
        "$value": "{theme-colors.supporting.warning-dark}"
      },
      "info": {
        "$type": "color",
        "$value": "{theme-colors.supporting.information-dark}"
      },
      "tips": {
        "$type": "color",
        "$value": "{theme-colors.supporting.tips-base}"
      },
      "pending": {
        "$type": "color",
        "$value": "{theme-colors.supporting.pending-dark}"
      },
      "link": {
        "default": {
          "$type": "color",
          "$value": "{theme-colors.accent.dark}"
        },
        "hover": {
          "$type": "color",
          "$value": "{theme-colors.accent.darker}"
        },
        "active": {
          "$type": "color",
          "$value": "{theme-colors.accent.darkest}"
        },
        "visited": {
          "$type": "color",
          "$value": "{theme-colors.functional.visited}"
        },
        "inverse": {
          "$type": "color",
          "$value": "{theme-colors.neutral.white}"
        }
      },
      "sidebar": {
        "default": {
          "$type": "color",
          "$value": "{theme-colors.navigation.text-default}"
        },
        "item-active": {
          "$type": "color",
          "$value": "{theme-colors.navigation.text-selected}"
        },
        "item-hover": {
          "$type": "color",
          "$value": "{theme-colors.navigation.text-hover}"
        },
        "item-active-open": {
          "$type": "color",
          "$value": "{theme-colors.navigation.text-expanded}"
        }
      },
      "tab": {
        "default": {
          "$type": "color",
          "$value": "{theme-colors.brand.dark}"
        },
        "hover": {
          "$type": "color",
          "$value": "{theme-colors.brand.base}"
        },
        "active": {
          "$type": "color",
          "$value": "{theme-colors.brand.base}"
        }
      }
    },
    "bg": {
      "brand-default": {
        "$type": "color",
        "$value": "{theme-colors.brand.base}"
      },
      "brand-hover": {
        "$type": "color",
        "$value": "{theme-colors.brand.light}"
      },
      "brand-selected": {
        "$type": "color",
        "$value": "{theme-colors.brand.darkest}"
      },
      "brand-pressed": {
        "$type": "color",
        "$value": "{theme-colors.brand.darkest}"
      },
      "primary": {
        "$type": "color",
        "$value": "{theme-colors.layer.bg-primary}"
      },
      "secondary": {
        "$type": "color",
        "$value": "{theme-colors.layer.bg-secondary}"
      },
      "inverse": {
        "$type": "color",
        "$value": "{theme-colors.layer.bg-inverse}"
      },
      "disabled": {
        "$type": "color",
        "$value": "{theme-colors.disabled.bg}"
      },
      "info": {
        "$type": "color",
        "$value": "{theme-colors.supporting.information-lightest}"
      },
      "info-dark": {
        "$type": "color",
        "$value": "{theme-colors.supporting.information-dark}"
      },
      "success": {
        "$type": "color",
        "$value": "{theme-colors.supporting.success-lightest}"
      },
      "success-dark": {
        "$type": "color",
        "$value": "{theme-colors.supporting.success-dark}"
      },
      "warning": {
        "$type": "color",
        "$value": "{theme-colors.supporting.warning-lightest}"
      },
      "warning-dark": {
        "$type": "color",
        "$value": "{theme-colors.supporting.warning-dark}"
      },
      "error": {
        "$type": "color",
        "$value": "{theme-colors.supporting.error-lightest}"
      },
      "error-dark": {
        "$type": "color",
        "$value": "{theme-colors.supporting.error-dark}"
      },
      "tips": {
        "$type": "color",
        "$value": "{theme-colors.supporting.tips-lightest}"
      },
      "tips-dark": {
        "$type": "color",
        "$value": "{theme-colors.supporting.tips-dark}"
      },
      "pending": {
        "$type": "color",
        "$value": "{theme-colors.supporting.pending-lightest}"
      },
      "pending-dark": {
        "$type": "color",
        "$value": "{theme-colors.supporting.pending-dark}"
      },
      "button": {
        "default": {
          "$type": "color",
          "$value": "{theme-colors.neutral.white}"
        },
        "primary": {
          "$type": "color",
          "$value": "{theme-colors.brand.base}"
        },
        "primary-hover": {
          "$type": "color",
          "$value": "{theme-colors.brand.darkest}"
        },
        "primary-pressed": {
          "$type": "color",
          "$value": "{theme-colors.brand.darkest}"
        },
        "primary-disabled": {
          "$type": "color",
          "$value": "{theme-colors.disabled.bg}"
        },
        "secondary": {
          "$type": "color",
          "$value": "{theme-colors.neutral.white}"
        },
        "secondary-hover": {
          "$type": "color",
          "$value": "{theme-colors.brand.lighter}"
        },
        "tertiary": {
          "$type": "color",
          "$value": "{theme-colors.neutral.white}"
        },
        "tertiary-hover": {
          "$type": "color",
          "$value": "{theme-colors.brand.lighter}"
        },
        "destructive": {
          "$type": "color",
          "$value": "{theme-colors.destructive.default}"
        },
        "destructive-hover": {
          "$type": "color",
          "$value": "{theme-colors.destructive.hover}"
        },
        "destructive-pressed": {
          "$type": "color",
          "$value": "{theme-colors.destructive.pressed}"
        }
      },
      "form-control": {
        "default": {
          "$type": "color",
          "$value": "{theme-colors.control.bg.default}"
        },
        "active": {
          "$type": "color",
          "$value": "{theme-colors.control.bg.active}"
        },
        "active-hover": {
          "$type": "color",
          "$value": "{theme-colors.control.bg.active-hover}"
        },
        "active-error": {
          "$type": "color",
          "$value": "{theme-colors.supporting.error-base}"
        },
        "active-hover-error": {
          "$type": "color",
          "$value": "{theme-colors.supporting.error-lightest}"
        },
        "active-disabled": {
          "$type": "color",
          "$value": "{theme-colors.control.bg.disabled-active}"
        },
        "disabled": {
          "$type": "color",
          "$value": "{theme-colors.disabled.bg}"
        }
      },
      "sidebar": {
        "default": {
          "$type": "color",
          "$value": "{theme-colors.navigation.bg-default}"
        },
        "item-active": {
          "$type": "color",
          "$value": "{theme-colors.accent.base}"
        },
        "item-hover": {
          "$type": "color",
          "$value": "{theme-colors.navigation.bg-hover}"
        },
        "item-active-open": {
          "$type": "color",
          "$value": "{theme-colors.navigation.bg-expanded}"
        }
      },
      "table": {
        "thead": {
          "$type": "color",
          "$value": "{theme-colors.table-bg.header-default}"
        },
        "thead-hover": {
          "$type": "color",
          "$value": "{theme-colors.table-bg.header-hover}"
        },
        "thead-active": {
          "$type": "color",
          "$value": "{theme-colors.table-bg.header-active}"
        },
        "tbody": {
          "$type": "color",
          "$value": "{theme-colors.table-bg.body-default}"
        },
        "tbody-striped": {
          "$type": "color",
          "$value": "{theme-colors.table-bg.body-striped}"
        },
        "tbody-hover": {
          "$type": "color",
          "$value": "{theme-colors.table-bg.body-hover}"
        },
        "tbody-selected": {
          "$type": "color",
          "$value": "{theme-colors.table-bg.body-selected}"
        },
        "tfoot": {
          "$type": "color",
          "$value": "{theme-colors.table-bg.footer-default}"
        }
      },
      "item": {
        "default": {
          "$type": "color",
          "$value": "{theme-colors.menu-states.default}"
        },
        "hover": {
          "$type": "color",
          "$value": "{theme-colors.menu-states.hover}"
        },
        "selected": {
          "$type": "color",
          "$value": "{theme-colors.menu-states.selected}"
        },
        "disabled": {
          "$type": "color",
          "$value": "{theme-colors.disabled.bg}"
        }
      },
      "snackbar": {
        "default": {
          "$type": "color",
          "$value": "{theme-colors.brand.darkest}"
        }
      },
      "backdrop": {
        "default": {
          "$type": "color",
          "$value": "{theme-colors.brand.base}"
        }
      },
      "scrollbar": {
        "default": {
          "$type": "color",
          "$value": "{theme-colors.neutral.light}"
        }
      },
      "chip": {
        "default": {
          "$type": "color",
          "$value": "{theme-colors.brand.lighter}"
        },
        "hover": {
          "$type": "color",
          "$value": "{theme-colors.brand.light}"
        },
        "selected": {
          "$type": "color",
          "$value": "{theme-colors.brand.base}"
        }
      },
      "accordion": {
        "default": {
          "$type": "color",
          "$value": "{theme-colors.menu-states.default}"
        },
        "hover": {
          "$type": "color",
          "$value": "{theme-colors.menu-states.hover}"
        },
        "open": {
          "$type": "color",
          "$value": "{theme-colors.menu-states.default}"
        }
      },
      "navbar": {
        "dropdown-hover": {
          "$type": "color",
          "$value": "{theme-colors.custom.light}"
        },
        "avatar-default": {
          "$type": "color",
          "$value": "{theme-colors.custom.dark}"
        }
      }
    },
    "surface": {
      "primary": {
        "$type": "color",
        "$value": "{theme-colors.layer.surface-primary}"
      },
      "secondary": {
        "$type": "color",
        "$value": "{theme-colors.layer.surface-secondary}"
      },
      "inverse": {
        "$type": "color",
        "$value": "{theme-colors.layer.surface-inverse}"
      }
    },
    "border": {
      "default": {
        "$type": "color",
        "$value": "{theme-colors.neutral.light}"
      },
      "brand": {
        "$type": "color",
        "$value": "{theme-colors.brand.base}"
      },
      "brand-hover": {
        "$type": "color",
        "$value": "{theme-colors.brand.light}"
      },
      "brand-selected": {
        "$type": "color",
        "$value": "{theme-colors.brand.darkest}"
      },
      "brand-pressed": {
        "$type": "color",
        "$value": "{theme-colors.brand.darkest}"
      },
      "focus": {
        "$type": "color",
        "$value": "{theme-colors.functional.focus}"
      },
      "inverse": {
        "$type": "color",
        "$value": "{theme-colors.neutral.white}"
      },
      "disabled": {
        "$type": "color",
        "$value": "{theme-colors.disabled.border}"
      },
      "divider": {
        "$type": "color",
        "$value": "{theme-colors.neutral.light}"
      },
      "info": {
        "$type": "color",
        "$value": "{theme-colors.supporting.information-dark}"
      },
      "success": {
        "$type": "color",
        "$value": "{theme-colors.supporting.success-dark}"
      },
      "warning": {
        "$type": "color",
        "$value": "{theme-colors.supporting.warning-base}"
      },
      "error": {
        "$type": "color",
        "$value": "{theme-colors.supporting.error-base}"
      },
      "tips": {
        "$type": "color",
        "$value": "{theme-colors.supporting.tips-dark}"
      },
      "form-control": {
        "default": {
          "$type": "color",
          "$value": "{theme-colors.control.border.default}"
        },
        "hover": {
          "$type": "color",
          "$value": "{theme-colors.control.border.hover}"
        },
        "active": {
          "$type": "color",
          "$value": "{theme-colors.control.border.active}"
        },
        "open": {
          "$type": "color",
          "$value": "{theme-colors.control.border.expanded}"
        }
      },
      "button": {
        "secondary-default": {
          "$type": "color",
          "$value": "{theme-colors.brand.base}"
        },
        "secondary-hover": {
          "$type": "color",
          "$value": "{theme-colors.brand.base}"
        }
      },
      "chip": {
        "default": {
          "$type": "color",
          "$value": "{theme-colors.brand.dark}"
        },
        "hover": {
          "$type": "color",
          "$value": "{theme-colors.brand.darker}"
        },
        "selected": {
          "$type": "color",
          "$value": "{theme-colors.brand.base}"
        }
      }
    },
    "icon": {
      "default": {
        "$type": "color",
        "$value": "{theme-colors.text.secondary}"
      },
      "inverse": {
        "$type": "color",
        "$value": "{theme-colors.neutral.white}"
      },
      "disabled": {
        "$type": "color",
        "$value": "{theme-colors.disabled.text}"
      },
      "brand": {
        "$type": "color",
        "$value": "{theme-colors.brand.base}"
      },
      "brand-hover": {
        "$type": "color",
        "$value": "{theme-colors.brand.darker}"
      },
      "brand-active": {
        "$type": "color",
        "$value": "{theme-colors.brand.darkest}"
      },
      "brand-pressed": {
        "$type": "color",
        "$value": "{theme-colors.brand.darkest}"
      },
      "on-brand": {
        "$type": "color",
        "$value": "{theme-colors.neutral.white}"
      },
      "error": {
        "$type": "color",
        "$value": "{theme-colors.supporting.error-base}"
      },
      "success": {
        "$type": "color",
        "$value": "{theme-colors.supporting.success-dark}"
      },
      "warning": {
        "$type": "color",
        "$value": "{theme-colors.supporting.warning-base}"
      },
      "info": {
        "$type": "color",
        "$value": "{theme-colors.supporting.information-dark}"
      },
      "tips": {
        "$type": "color",
        "$value": "{theme-colors.supporting.tips-dark}"
      }
    }
  }
}