{
  "Color": {
    "Midnight_Dreams": {
      "50": {
        "$type": "color",
        "$value": "#f6f7f8"
      },
      "100": {
        "$type": "color",
        "$value": "#e6e9eb"
      },
      "200": {
        "$type": "color",
        "$value": "#c2c9ce"
      },
      "300": {
        "$type": "color",
        "$value": "#a0aab1"
      },
      "400": {
        "$type": "color",
        "$value": "#8b97a0"
      },
      "500": {
        "$type": "color",
        "$value": "#6e7d88"
      },
      "600": {
        "$type": "color",
        "$value": "#536472"
      },
      "700": {
        "$type": "color",
        "$value": "#213949"
      },
      "800": {
        "$type": "color",
        "$value": "#012134"
      },
      "900": {
        "$type": "color",
        "$value": "#041822"
      }
    },
    "Enchanting_Sapphire": {
      "50": {
        "$type": "color",
        "$value": "#eaf1fb"
      },
      "100": {
        "$type": "color",
        "$value": "#bed2f2"
      },
      "200": {
        "$type": "color",
        "$value": "#9fbcec"
      },
      "400": {
        "$type": "color",
        "$value": "#588bde"
      },
      "600": {
        "$type": "color",
        "$value": "#2a64c3"
      },
      "800": {
        "$type": "color",
        "$value": "#193d76"
      },
      "900": {
        "$type": "color",
        "$value": "#132e5a"
      },
      "light-300": {
        "$type": "color",
        "$value": "#739ee4"
      },
      "base-500": {
        "$type": "color",
        "$value": "#2e6ed6"
      },
      "dark-700": {
        "$type": "color",
        "$value": "#214e98"
      }
    },
    "Fiord": {
      "50": {
        "$type": "color",
        "$value": "#f6f7f8"
      },
      "100": {
        "$type": "color",
        "$value": "#e4e7eb"
      },
      "200": {
        "$type": "color",
        "$value": "#d7dbe1"
      },
      "400": {
        "$type": "color",
        "$value": "#b9c1ca"
      },
      "600": {
        "$type": "color",
        "$value": "#99a1ac"
      },
      "800": {
        "$type": "color",
        "$value": "#5c6168"
      },
      "900": {
        "$type": "color",
        "$value": "#474a4f"
      },
      "light-300": {
        "$type": "color",
        "$value": "#c5cbd3"
      },
      "base-500": {
        "$type": "color",
        "$value": "#a8b1bd"
      },
      "dark-700": {
        "$type": "color",
        "$value": "#777e86"
      }
    },
    "Neutral": {
      "100": {
        "$type": "color",
        "$value": "#f9f9f9"
      },
      "200": {
        "$type": "color",
        "$value": "#f3f3f3"
      },
      "400": {
        "$type": "color",
        "$value": "#b8b8b8"
      },
      "600": {
        "$type": "color",
        "$value": "#707070"
      },
      "800": {
        "$type": "color",
        "$value": "#303030"
      },
      "900": {
        "$type": "color",
        "$value": "#1e1e1e"
      },
      "white": {
        "$type": "color",
        "$value": "#ffffff"
      },
      "light-300": {
        "$type": "color",
        "$value": "#e1e1e1"
      },
      "base-500": {
        "$type": "color",
        "$value": "#858585"
      },
      "dark-700": {
        "$type": "color",
        "$value": "#5c5c5c"
      },
      "black": {
        "$type": "color",
        "$value": "#000000"
      }
    },
    "Red": {
      "50": {
        "$type": "color",
        "$value": "#f7e7e7"
      },
      "100": {
        "$type": "color",
        "$value": "#e6b3b3"
      },
      "200": {
        "$type": "color",
        "$value": "#da8e8e"
      },
      "400": {
        "$type": "color",
        "$value": "#be3b3b"
      },
      "600": {
        "$type": "color",
        "$value": "#9e0909"
      },
      "800": {
        "$type": "color",
        "$value": "#600606"
      },
      "900": {
        "$type": "color",
        "$value": "#490404"
      },
      "light-300": {
        "$type": "color",
        "$value": "#c95b5b"
      },
      "base-500": {
        "$type": "color",
        "$value": "#ae0a0a"
      },
      "dark-700": {
        "$type": "color",
        "$value": "#7c0707"
      }
    },
    "Green": {
      "50": {
        "$type": "color",
        "$value": "#e6f1ee"
      },
      "100": {
        "$type": "color",
        "$value": "#b1d4cb"
      },
      "200": {
        "$type": "color",
        "$value": "#8bbfb2"
      },
      "400": {
        "$type": "color",
        "$value": "#358f79"
      },
      "600": {
        "$type": "color",
        "$value": "#02694f"
      },
      "800": {
        "$type": "color",
        "$value": "#013f30"
      },
      "900": {
        "$type": "color",
        "$value": "#013025"
      },
      "light-300": {
        "$type": "color",
        "$value": "#55a18e"
      },
      "base-500": {
        "$type": "color",
        "$value": "#027357"
      },
      "dark-700": {
        "$type": "color",
        "$value": "#01523e"
      }
    },
    "Yellow": {
      "50": {
        "$type": "color",
        "$value": "#fff8e6"
      },
      "100": {
        "$type": "color",
        "$value": "#ffe8b0"
      },
      "200": {
        "$type": "color",
        "$value": "#ffdd8a"
      },
      "400": {
        "$type": "color",
        "$value": "#ffc333"
      },
      "600": {
        "$type": "color",
        "$value": "#e8a400"
      },
      "800": {
        "$type": "color",
        "$value": "#8c6300"
      },
      "900": {
        "$type": "color",
        "$value": "#6b4c00"
      },
      "light-300": {
        "$type": "color",
        "$value": "#ffcd54"
      },
      "base-500": {
        "$type": "color",
        "$value": "#ffb400"
      },
      "dark-700": {
        "$type": "color",
        "$value": "#b58000"
      }
    },
    "King_Lime": {
      "50": {
        "$type": "color",
        "$value": "#f9fced"
      },
      "100": {
        "$type": "color",
        "$value": "#eff8cc"
      },
      "200": {
        "$type": "color",
        "$value": "#dff099"
      },
      "400": {
        "$type": "color",
        "$value": "#bee133"
      },
      "600": {
        "$type": "color",
        "$value": "#a0c600"
      },
      "800": {
        "$type": "color",
        "$value": "#607800"
      },
      "900": {
        "$type": "color",
        "$value": "#4a5c00"
      },
      "light-300": {
        "$type": "color",
        "$value": "#cfe966"
      },
      "base-500": {
        "$type": "color",
        "$value": "#b0da00"
      },
      "dark-700": {
        "$type": "color",
        "$value": "#7d9b00"
      }
    },
    "Frost": {
      "50": {
        "$type": "color",
        "$value": "#fcfdf9"
      },
      "100": {
        "$type": "color",
        "$value": "#f5f7ed"
      },
      "200": {
        "$type": "color",
        "$value": "#f1f4e4"
      },
      "400": {
        "$type": "color",
        "$value": "#e6ebd0"
      },
      "600": {
        "$type": "color",
        "$value": "#ccd1b2"
      },
      "700": {
        "$type": "color",
        "$value": "#9fa38b"
      },
      "800": {
        "$type": "color",
        "$value": "#737765"
      },
      "900": {
        "$type": "color",
        "$value": "#5e6152"
      },
      "light-300": {
        "$type": "color",
        "$value": "#eaeed7"
      },
      "base-500": {
        "$type": "color",
        "$value": "#e0e6c4"
      }
    },
    "Barely_Aqua": {
      "50": {
        "$type": "color",
        "$value": "#f8fdfc"
      },
      "100": {
        "$type": "color",
        "$value": "#eaf9f6"
      },
      "200": {
        "$type": "color",
        "$value": "#e0f6f1"
      },
      "400": {
        "$type": "color",
        "$value": "#c9f0e7"
      },
      "600": {
        "$type": "color",
        "$value": "#abd7cd"
      },
      "700": {
        "$type": "color",
        "$value": "#85a8a0"
      },
      "800": {
        "$type": "color",
        "$value": "#67827c"
      },
      "900": {
        "$type": "color",
        "$value": "#4f635f"
      },
      "light-300": {
        "$type": "color",
        "$value": "#d2f2eb"
      },
      "base-500": {
        "$type": "color",
        "$value": "#bcece1"
      }
    },
    "Loudicius_Pink": {
      "50": {
        "$type": "color",
        "$value": "#fcedf8"
      },
      "100": {
        "$type": "color",
        "$value": "#f6c6e8"
      },
      "200": {
        "$type": "color",
        "$value": "#f2aadd"
      },
      "300": {
        "$type": "color",
        "$value": "#ec83ce"
      },
      "400": {
        "$type": "color",
        "$value": "#e86bc5"
      },
      "600": {
        "$type": "color",
        "$value": "#ce40a6"
      },
      "800": {
        "$type": "color",
        "$value": "#7c2764"
      },
      "900": {
        "$type": "color",
        "$value": "#5f1d4c"
      },
      "base-500": {
        "$type": "color",
        "$value": "#e246b6"
      },
      "dark-700": {
        "$type": "color",
        "$value": "#a03281"
      }
    },
    "Mejorelle_Blue": {
      "50": {
        "$type": "color",
        "$value": "#eeedfc"
      },
      "100": {
        "$type": "color",
        "$value": "#cbc8f5"
      },
      "200": {
        "$type": "color",
        "$value": "#b2aef1"
      },
      "400": {
        "$type": "color",
        "$value": "#7972e6"
      },
      "600": {
        "$type": "color",
        "$value": "#5048cc"
      },
      "700": {
        "$type": "color",
        "$value": "#3e389f"
      },
      "800": {
        "$type": "color",
        "$value": "#302b7b"
      },
      "900": {
        "$type": "color",
        "$value": "#25215e"
      },
      "light300": {
        "$type": "color",
        "$value": "#8f89ea"
      },
      "base-500": {
        "$type": "color",
        "$value": "#584fe0"
      }
    },
    "Honey_Teriyaki": {
      "50": {
        "$type": "color",
        "$value": "#feefe6"
      },
      "100": {
        "$type": "color",
        "$value": "#fbcfb3"
      },
      "200": {
        "$type": "color",
        "$value": "#f9b78e"
      },
      "300": {
        "$type": "color",
        "$value": "#f7965a"
      },
      "400": {
        "$type": "color",
        "$value": "#f5823a"
      },
      "600": {
        "$type": "color",
        "$value": "#dd5a08"
      },
      "800": {
        "$type": "color",
        "$value": "#863605"
      },
      "900": {
        "$type": "color",
        "$value": "#662a04"
      },
      "base-500": {
        "$type": "color",
        "$value": "#f36309"
      },
      "dark-700": {
        "$type": "color",
        "$value": "#ad4606"
      }
    },
    "Grey": {
      "50": {
        "$type": "color",
        "$value": "#f3f3f3"
      },
      "100": {
        "$type": "color",
        "$value": "#d9d9d9"
      },
      "200": {
        "$type": "color",
        "$value": "#c7c7c7"
      },
      "400": {
        "$type": "color",
        "$value": "#9d9d9d"
      },
      "600": {
        "$type": "color",
        "$value": "#797979"
      },
      "800": {
        "$type": "color",
        "$value": "#494949"
      },
      "900": {
        "$type": "color",
        "$value": "#383838"
      },
      "light-300": {
        "$type": "color",
        "$value": "#adadad"
      },
      "base-500": {
        "$type": "color",
        "$value": "#858585"
      },
      "dark-700": {
        "$type": "color",
        "$value": "#5e5e5e"
      }
    }
  },
  "Opacity": {
    "20": {
      "$type": "dimension",
      "$value": "20"
    },
    "40": {
      "$type": "dimension",
      "$value": "40"
    },
    "60": {
      "$type": "dimension",
      "$value": "60"
    },
    "80": {
      "$type": "dimension",
      "$value": "80"
    }
  },
  "Spacing": {
    "none": {
      "$type": "dimension",
      "$value": "0px"
    },
    "xs": {
      "$type": "dimension",
      "$value": "4px"
    },
    "sm": {
      "$type": "dimension",
      "$value": "8px"
    },
    "md": {
      "$type": "dimension",
      "$value": "12px"
    },
    "lg": {
      "$type": "dimension",
      "$value": "16px"
    },
    "xl": {
      "$type": "dimension",
      "$value": "20px"
    },
    "2xl": {
      "$type": "dimension",
      "$value": "24px"
    },
    "3xl": {
      "$type": "dimension",
      "$value": "28px"
    },
    "4xl": {
      "$type": "dimension",
      "$value": "32px"
    },
    "5xl": {
      "$type": "dimension",
      "$value": "40px"
    },
    "6xl": {
      "$type": "dimension",
      "$value": "48px"
    },
    "7xl": {
      "$type": "dimension",
      "$value": "56px"
    },
    "8xl": {
      "$type": "dimension",
      "$value": "64px"
    },
    "9xl": {
      "$type": "dimension",
      "$value": "72px"
    },
    "10xl": {
      "$type": "dimension",
      "$value": "80px"
    }
  },
  "Border": {
    "Radius": {
      "none": {
        "$type": "dimension",
        "$value": "0px"
      },
      "xs": {
        "$type": "dimension",
        "$value": "4px"
      },
      "s": {
        "$type": "dimension",
        "$value": "8px"
      },
      "m": {
        "$type": "dimension",
        "$value": "12px"
      },
      "l": {
        "$type": "dimension",
        "$value": "16px"
      },
      "xl": {
        "$type": "dimension",
        "$value": "24px"
      },
      "2xl": {
        "$type": "dimension",
        "$value": "32px"
      },
      "circle": {
        "$type": "dimension",
        "$value": "50px"
      }
    },
    "Width": {
      "none": {
        "$type": "dimension",
        "$value": "0px"
      },
      "xs": {
        "$type": "dimension",
        "$value": "1px"
      },
      "s": {
        "$type": "dimension",
        "$value": "2px"
      },
      "m": {
        "$type": "dimension",
        "$value": "3px"
      },
      "l": {
        "$type": "dimension",
        "$value": "4px"
      },
      "xl": {
        "$type": "dimension",
        "$value": "8px"
      }
    }
  },
  "Font": {
    "Family": {
      "primary": {
        "$type": "string",
        "$value": "Nunito Sans"
      }
    },
    "Size": {
      "12": {
        "$type": "dimension",
        "$value": "12px"
      },
      "14": {
        "$type": "dimension",
        "$value": "14px"
      },
      "16": {
        "$type": "dimension",
        "$value": "16px"
      },
      "18": {
        "$type": "dimension",
        "$value": "18px"
      },
      "20": {
        "$type": "dimension",
        "$value": "20px"
      },
      "24": {
        "$type": "dimension",
        "$value": "24px"
      },
      "26": {
        "$type": "dimension",
        "$value": "26px"
      },
      "28": {
        "$type": "dimension",
        "$value": "28px"
      },
      "30": {
        "$type": "dimension",
        "$value": "30px"
      },
      "32": {
        "$type": "dimension",
        "$value": "32px"
      },
      "34": {
        "$type": "dimension",
        "$value": "34px"
      },
      "38": {
        "$type": "dimension",
        "$value": "38px"
      },
      "40": {
        "$type": "dimension",
        "$value": "40px"
      },
      "42": {
        "$type": "dimension",
        "$value": "42px"
      },
      "48": {
        "$type": "dimension",
        "$value": "48px"
      },
      "52": {
        "$type": "dimension",
        "$value": "52px"
      },
      "56": {
        "$type": "dimension",
        "$value": "56px"
      },
      "64": {
        "$type": "dimension",
        "$value": "64px"
      },
      "72": {
        "$type": "dimension",
        "$value": "72px"
      },
      "80": {
        "$type": "dimension",
        "$value": "80px"
      },
      "88": {
        "$type": "dimension",
        "$value": "88px"
      },
      "96": {
        "$type": "dimension",
        "$value": "96px"
      }
    },
    "LineHeight": {
      "18": {
        "$type": "dimension",
        "$value": "18px"
      },
      "20": {
        "$type": "dimension",
        "$value": "20px"
      },
      "24": {
        "$type": "dimension",
        "$value": "24px"
      },
      "28": {
        "$type": "dimension",
        "$value": "28px"
      },
      "32": {
        "$type": "dimension",
        "$value": "32px"
      },
      "36": {
        "$type": "dimension",
        "$value": "36px"
      },
      "40": {
        "$type": "dimension",
        "$value": "40px"
      },
      "44": {
        "$type": "dimension",
        "$value": "44px"
      },
      "48": {
        "$type": "dimension",
        "$value": "48px"
      },
      "60": {
        "$type": "dimension",
        "$value": "60px"
      },
      "64": {
        "$type": "dimension",
        "$value": "64px"
      },
      "72": {
        "$type": "dimension",
        "$value": "72px"
      },
      "80": {
        "$type": "dimension",
        "$value": "80px"
      },
      "88": {
        "$type": "dimension",
        "$value": "88px"
      },
      "96": {
        "$type": "dimension",
        "$value": "96px"
      },
      "112": {
        "$type": "dimension",
        "$value": "112px"
      },
      "120": {
        "$type": "dimension",
        "$value": "120px"
      }
    },
    "Weight": {
      "thin": {
        "$type": "dimension",
        "$value": "100"
      },
      "extralight": {
        "$type": "dimension",
        "$value": "200"
      },
      "light": {
        "$type": "dimension",
        "$value": "300"
      },
      "normal": {
        "$type": "dimension",
        "$value": "400"
      },
      "medium": {
        "$type": "dimension",
        "$value": "500"
      },
      "semibold": {
        "$type": "dimension",
        "$value": "600"
      },
      "bold": {
        "$type": "dimension",
        "$value": "700"
      },
      "extrabold": {
        "$type": "dimension",
        "$value": "800"
      },
      "black": {
        "$type": "dimension",
        "$value": "900"
      }
    }
  },
  "Z-Index": {
    "deepdive": {
      "$type": "dimension",
      "$value": "-1"
    },
    "default": {
      "$type": "dimension",
      "$value": "0"
    },
    "stickied": {
      "$type": "dimension",
      "$value": "100"
    },
    "popup": {
      "$type": "dimension",
      "$value": "200"
    },
    "dropdown": {
      "$type": "dimension",
      "$value": "300"
    },
    "overlay": {
      "$type": "dimension",
      "$value": "400"
    },
    "modal": {
      "$type": "dimension",
      "$value": "500"
    },
    "spinner": {
      "$type": "dimension",
      "$value": "600"
    },
    "toast": {
      "$type": "dimension",
      "$value": "99999"
    }
  }
}