{
  "theme-colors": {
    "brand": {
      "dark": {
        "$type": "color",
        "$value": "{Color.Midnight_Dreams.600}"
      },
      "darker": {
        "$type": "color",
        "$value": "{Color.Midnight_Dreams.700}"
      },
      "darkest": {
        "$type": "color",
        "$value": "{Color.Midnight_Dreams.900}"
      },
      "base": {
        "$type": "color",
        "$value": "{Color.Midnight_Dreams.800}"
      },
      "light": {
        "$type": "color",
        "$value": "{Color.Midnight_Dreams.200}"
      },
      "lighter": {
        "$type": "color",
        "$value": "{Color.Midnight_Dreams.100}"
      },
      "lightest": {
        "$type": "color",
        "$value": "{Color.Midnight_Dreams.50}"
      }
    },
    "neutral": {
      "dark": {
        "$type": "color",
        "$value": "{Color.Fiord.800}"
      },
      "base": {
        "$type": "color",
        "$value": "{Color.Fiord.base-500}"
      },
      "light": {
        "$type": "color",
        "$value": "{Color.Fiord.200}"
      },
      "black": {
        "$type": "color",
        "$value": "{Color.Neutral.black}"
      },
      "white": {
        "$type": "color",
        "$value": "{Color.Neutral.white}"
      }
    },
    "accent": {
      "darkest": {
        "$type": "color",
        "$value": "{Color.Enchanting_Sapphire.800}"
      },
      "darker": {
        "$type": "color",
        "$value": "{Color.Enchanting_Sapphire.dark-700}"
      },
      "dark": {
        "$type": "color",
        "$value": "{Color.Enchanting_Sapphire.600}"
      },
      "base": {
        "$type": "color",
        "$value": "{Color.Enchanting_Sapphire.base-500}"
      },
      "light": {
        "$type": "color",
        "$value": "{Color.Enchanting_Sapphire.light-300}"
      },
      "lighter": {
        "$type": "color",
        "$value": "{Color.Enchanting_Sapphire.100}"
      },
      "lightest": {
        "$type": "color",
        "$value": "{Color.Enchanting_Sapphire.50}"
      }
    },
    "disabled": {
      "text": {
        "$type": "color",
        "$value": "{Color.Neutral.base-500}"
      },
      "border": {
        "$type": "color",
        "$value": "{Color.Neutral.400}"
      },
      "bg": {
        "$type": "color",
        "$value": "{Color.Neutral.200}"
      }
    },
    "supporting": {
      "information-dark": {
        "$type": "color",
        "$value": "{Color.Enchanting_Sapphire.600}"
      },
      "information-base": {
        "$type": "color",
        "$value": "{Color.Enchanting_Sapphire.base-500}"
      },
      "information-lightest": {
        "$type": "color",
        "$value": "{Color.Enchanting_Sapphire.50}"
      },
      "success-dark": {
        "$type": "color",
        "$value": "{Color.Green.600}"
      },
      "success-base": {
        "$type": "color",
        "$value": "{Color.Green.400}"
      },
      "success-lightest": {
        "$type": "color",
        "$value": "{Color.Green.50}"
      },
      "error-dark": {
        "$type": "color",
        "$value": "{Color.Red.600}"
      },
      "error-base": {
        "$type": "color",
        "$value": "{Color.Red.400}"
      },
      "error-lightest": {
        "$type": "color",
        "$value": "{Color.Red.50}"
      },
      "tips-dark": {
        "$type": "color",
        "$value": "{Color.Mejorelle_Blue.600}"
      },
      "tips-base": {
        "$type": "color",
        "$value": "{Color.Mejorelle_Blue.base-500}"
      },
      "tips-lightest": {
        "$type": "color",
        "$value": "{Color.Mejorelle_Blue.50}"
      },
      "pending-dark": {
        "$type": "color",
        "$value": "{Color.Midnight_Dreams.600}"
      },
      "pending-base": {
        "$type": "color",
        "$value": "{Color.Midnight_Dreams.500}"
      },
      "pending-lightest": {
        "$type": "color",
        "$value": "{Color.Midnight_Dreams.50}"
      },
      "warning-dark": {
        "$type": "color",
        "$value": "{Color.Yellow.800}"
      },
      "warning-base": {
        "$type": "color",
        "$value": "{Color.Yellow.600}"
      },
      "warning-lightest": {
        "$type": "color",
        "$value": "{Color.Yellow.50}"
      }
    },
    "text": {
      "primary": {
        "$type": "color",
        "$value": "{Color.Neutral.900}",
        "$description": "Para títulos, lo más destacado"
      },
      "secondary": {
        "$type": "color",
        "$value": "{Color.Neutral.800}",
        "$description": "Para subtítulos, texto del cuerpo"
      },
      "indicator": {
        "$type": "color",
        "$value": "{Color.Neutral.dark-700}",
        "$description": "Para etiquetas o labels"
      },
      "placeholder": {
        "$type": "color",
        "$value": "{Color.Neutral.600}",
        "$description": "Para textos de relleno"
      }
    },
    "destructive": {
      "pressed": {
        "$type": "color",
        "$value": "{Color.Red.600}"
      },
      "hover": {
        "$type": "color",
        "$value": "{Color.Red.base-500}"
      },
      "default": {
        "$type": "color",
        "$value": "{Color.Red.400}"
      }
    },
    "navigation": {
      "text-default": {
        "$type": "color",
        "$value": "{Color.Midnight_Dreams.200}"
      },
      "text-selected": {
        "$type": "color",
        "$value": "{Color.Neutral.white}"
      },
      "text-hover": {
        "$type": "color",
        "$value": "{Color.Midnight_Dreams.100}"
      },
      "text-expanded": {
        "$type": "color",
        "$value": "{Color.Neutral.white}"
      },
      "bg-default": {
        "$type": "color",
        "$value": "{Color.Midnight_Dreams.800}"
      },
      "bg-hover": {
        "$type": "color",
        "$value": "{Color.Midnight_Dreams.700}"
      },
      "bg-selected": {
        "$type": "color",
        "$value": "{Color.Midnight_Dreams.700}"
      },
      "bg-expanded": {
        "$type": "color",
        "$value": "{Color.Midnight_Dreams.700}"
      }
    },
    "menu-states": {
      "default": {
        "$type": "color",
        "$value": "{Color.Neutral.white}"
      },
      "hover": {
        "$type": "color",
        "$value": "{Color.Midnight_Dreams.50}"
      },
      "selected": {
        "$type": "color",
        "$value": "{Color.Midnight_Dreams.100}"
      }
    },
    "control": {
      "bg": {
        "default": {
          "$type": "color",
          "$value": "{Color.Midnight_Dreams.200}"
        },
        "active": {
          "$type": "color",
          "$value": "{Color.Midnight_Dreams.800}"
        },
        "active-hover": {
          "$type": "color",
          "$value": "{Color.Midnight_Dreams.100}"
        },
        "active-error": {
          "$type": "color",
          "$value": "{Color.Red.400}"
        },
        "active-hover-error": {
          "$type": "color",
          "$value": "{Color.Red.50}"
        },
        "disabled-active": {
          "$type": "color",
          "$value": "{Color.Neutral.400}"
        }
      },
      "border": {
        "default": {
          "$type": "color",
          "$value": "{Color.Midnight_Dreams.800}"
        },
        "hover": {
          "$type": "color",
          "$value": "{Color.Midnight_Dreams.800}"
        },
        "active": {
          "$type": "color",
          "$value": "{Color.Midnight_Dreams.800}"
        },
        "expanded": {
          "$type": "color",
          "$value": "{Color.Midnight_Dreams.800}"
        }
      }
    },
    "layer": {
      "bg-primary": {
        "$type": "color",
        "$value": "{Color.Fiord.50}"
      },
      "bg-secondary": {
        "$type": "color",
        "$value": "{Color.Neutral.white}"
      },
      "bg-inverse": {
        "$type": "color",
        "$value": "{Color.Midnight_Dreams.800}"
      },
      "surface-primary": {
        "$type": "color",
        "$value": "{Color.Neutral.white}"
      },
      "surface-inverse": {
        "$type": "color",
        "$value": "{Color.Midnight_Dreams.800}"
      },
      "surface-secondary": {
        "$type": "color",
        "$value": "{Color.Fiord.50}"
      }
    },
    "table-bg": {
      "header-default": {
        "$type": "color",
        "$value": "{Color.Midnight_Dreams.50}"
      },
      "header-hover": {
        "$type": "color",
        "$value": "{Color.Midnight_Dreams.100}"
      },
      "header-active": {
        "$type": "color",
        "$value": "{Color.Midnight_Dreams.100}"
      },
      "body-default": {
        "$type": "color",
        "$value": "{Color.Neutral.white}"
      },
      "body-striped": {
        "$type": "color",
        "$value": "{Color.Midnight_Dreams.50}"
      },
      "body-selected": {
        "$type": "color",
        "$value": "{Color.Midnight_Dreams.100}"
      },
      "body-hover": {
        "$type": "color",
        "$value": "{Color.Midnight_Dreams.50}"
      },
      "footer-default": {
        "$type": "color",
        "$value": "{Color.Midnight_Dreams.50}"
      }
    },
    "functional": {
      "focus": {
        "$type": "color",
        "$value": "{Color.Enchanting_Sapphire.600}"
      },
      "visited": {
        "$type": "color",
        "$value": "{Color.Mejorelle_Blue.600}"
      }
    },
    "custom": {
      "light": {
        "$type": "color",
        "$value": "{Color.Neutral.200}"
      },
      "dark": {
        "$type": "color",
        "$value": "{Color.Neutral.light-300}"
      }
    }
  }
}