{
  "shadow": {
    "default": {
      "$type": "shadow",
      "$value": [
        {
          "offsetX": "0px",
          "offsetY": "2px",
          "blur": "8px",
          "spread": "0px",
          "color": "#5c5c5c1a"
        }
      ]
    },
    "hover": {
      "$type": "shadow",
      "$value": [
        {
          "offsetX": "0px",
          "offsetY": "8px",
          "blur": "16px",
          "spread": "0px",
          "color": "#5c5c5c26"
        }
      ]
    },
    "break": {
      "$type": "shadow",
      "$value": [
        {
          "offsetX": "0px",
          "offsetY": "16px",
          "blur": "32px",
          "spread": "0px",
          "color": "#5c5c5c40"
        }
      ]
    },
    "top": {
      "$type": "shadow",
      "$value": [
        {
          "offsetX": "0px",
          "offsetY": "-8px",
          "blur": "8px",
          "spread": "0px",
          "color": "#5c5c5c14"
        }
      ]
    },
    "right": {
      "$type": "shadow",
      "$value": [
        {
          "offsetX": "4px",
          "offsetY": "4px",
          "blur": "8px",
          "spread": "0px",
          "color": "#5c5c5c1a"
        }
      ]
    },
    "left": {
      "$type": "shadow",
      "$value": [
        {
          "offsetX": "4px",
          "offsetY": "4px",
          "blur": "8px",
          "spread": "0px",
          "color": "#5c5c5c1a"
        }
      ]
    }
  }
}