{
  "Display 4": {
    "Regular": {
      "$type": "typography",
      "$value": {
        "fontFamily": "{Display4.Regular.Family}",
        "fontSize": "{Display4.Regular.Size}",
        "fontWeight": 400,
        "letterSpacing": "0%",
        "lineHeight": "{Display4.Regular.LineHeight}",
        "textTransform": "none",
        "textDecoration": "none"
      }
    },
    "SemiBold": {
      "$type": "typography",
      "$value": {
        "fontFamily": "{Display4.SemiBold.Family}",
        "fontSize": "{Display4.SemiBold.Size}",
        "fontWeight": 600,
        "letterSpacing": "0%",
        "lineHeight": "{Display4.SemiBold.LineHeight}",
        "textTransform": "none",
        "textDecoration": "none"
      }
    },
    "Bold": {
      "$type": "typography",
      "$value": {
        "fontFamily": "{Display4.Bold.Family}",
        "fontSize": "{Display4.Bold.Size}",
        "fontWeight": 700,
        "letterSpacing": "0%",
        "lineHeight": "{Display4.Bold.LineHeight}",
        "textTransform": "none",
        "textDecoration": "none"
      }
    },
    "Black": {
      "$type": "typography",
      "$value": {
        "fontFamily": "{Display4.Black.Family}",
        "fontSize": "{Display4.Black.Size}",
        "fontWeight": 900,
        "letterSpacing": "0%",
        "lineHeight": "{Display4.Black.LineHeight}",
        "textTransform": "none",
        "textDecoration": "none"
      }
    }
  },
  "Display 3": {
    "Regular": {
      "$type": "typography",
      "$value": {
        "fontFamily": "{Display3.Regular.Family}",
        "fontSize": "{Display3.Regular.Size}",
        "fontWeight": 400,
        "letterSpacing": "0%",
        "lineHeight": "{Display3.Regular.LineHeight}",
        "textTransform": "none",
        "textDecoration": "none"
      }
    },
    "SemiBold": {
      "$type": "typography",
      "$value": {
        "fontFamily": "{Display3.SemiBold.Family}",
        "fontSize": "{Display3.SemiBold.Size}",
        "fontWeight": 600,
        "letterSpacing": "0%",
        "lineHeight": "{Display3.SemiBold.LineHeight}",
        "textTransform": "none",
        "textDecoration": "none"
      }
    },
    "Bold": {
      "$type": "typography",
      "$value": {
        "fontFamily": "{Display3.Bold.Family}",
        "fontSize": "{Display3.Bold.Size}",
        "fontWeight": 700,
        "letterSpacing": "0%",
        "lineHeight": "{Display3.Bold.LineHeight}",
        "textTransform": "none",
        "textDecoration": "none"
      }
    },
    "Black": {
      "$type": "typography",
      "$value": {
        "fontFamily": "{Display3.Black.Family}",
        "fontSize": "{Display3.Black.Size}",
        "fontWeight": 900,
        "letterSpacing": "0%",
        "lineHeight": "{Display3.Black.LineHeight}",
        "textTransform": "none",
        "textDecoration": "none"
      }
    }
  },
  "Display 2": {
    "Regular": {
      "$type": "typography",
      "$value": {
        "fontFamily": "{Display2.Regular.Family}",
        "fontSize": "{Display2.Regular.Size}",
        "fontWeight": 400,
        "letterSpacing": "0%",
        "lineHeight": "{Display2.Regular.LineHeight}",
        "textTransform": "none",
        "textDecoration": "none"
      }
    },
    "SemiBold": {
      "$type": "typography",
      "$value": {
        "fontFamily": "{Display2.SemiBold.Family}",
        "fontSize": "{Display2.SemiBold.Size}",
        "fontWeight": 600,
        "letterSpacing": "0%",
        "lineHeight": "{Display2.SemiBold.LineHeight}",
        "textTransform": "none",
        "textDecoration": "none"
      }
    },
    "Bold": {
      "$type": "typography",
      "$value": {
        "fontFamily": "{Display2.Bold.Family}",
        "fontSize": "{Display2.Bold.Size}",
        "fontWeight": 700,
        "letterSpacing": "0%",
        "lineHeight": "{Display2.Bold.LineHeight}",
        "textTransform": "none",
        "textDecoration": "none"
      }
    },
    "Black": {
      "$type": "typography",
      "$value": {
        "fontFamily": "{Display2.Black.Family}",
        "fontSize": "{Display2.Black.Size}",
        "fontWeight": 900,
        "letterSpacing": "0%",
        "lineHeight": "{Display2.Black.LineHeight}",
        "textTransform": "none",
        "textDecoration": "none"
      }
    }
  },
  "Display 1": {
    "Regular": {
      "$type": "typography",
      "$value": {
        "fontFamily": "{Display1.Regular.Family}",
        "fontSize": "{Display1.Regular.Size}",
        "fontWeight": 400,
        "letterSpacing": "0%",
        "lineHeight": "{Display1.Regular.LineHeight}",
        "textTransform": "none",
        "textDecoration": "none"
      }
    },
    "SemiBold": {
      "$type": "typography",
      "$value": {
        "fontFamily": "{Display1.SemiBold.Family}",
        "fontSize": "{Display1.SemiBold.Size}",
        "fontWeight": 600,
        "letterSpacing": "0%",
        "lineHeight": "{Display1.SemiBold.LineHeight}",
        "textTransform": "none",
        "textDecoration": "none"
      }
    },
    "Bold": {
      "$type": "typography",
      "$value": {
        "fontFamily": "{Display1.Bold.Family}",
        "fontSize": "{Display1.Bold.Size}",
        "fontWeight": 700,
        "letterSpacing": "0%",
        "lineHeight": "{Display1.Bold.LineHeight}",
        "textTransform": "none",
        "textDecoration": "none"
      }
    },
    "Black": {
      "$type": "typography",
      "$value": {
        "fontFamily": "{Display1.Black.Family}",
        "fontSize": "{Display1.Black.Size}",
        "fontWeight": 900,
        "letterSpacing": "0%",
        "lineHeight": "{Display1.Black.LineHeight}",
        "textTransform": "none",
        "textDecoration": "none"
      }
    }
  },
  "Heading 1": {
    "Regular": {
      "$type": "typography",
      "$value": {
        "fontFamily": "{Heading1.Regular.Family}",
        "fontSize": "{Heading1.Regular.Size}",
        "fontWeight": 400,
        "letterSpacing": "0%",
        "lineHeight": "{Heading1.Regular.LineHeight}",
        "textTransform": "none",
        "textDecoration": "none"
      }
    },
    "SemiBold": {
      "$type": "typography",
      "$value": {
        "fontFamily": "{Heading1.SemiBold.Family}",
        "fontSize": "{Heading1.SemiBold.Size}",
        "fontWeight": 600,
        "letterSpacing": "0%",
        "lineHeight": "{Heading1.SemiBold.LineHeight}",
        "textTransform": "none",
        "textDecoration": "none"
      }
    },
    "Bold": {
      "$type": "typography",
      "$value": {
        "fontFamily": "{Heading1.Bold.Family}",
        "fontSize": "{Heading1.Bold.Size}",
        "fontWeight": 700,
        "letterSpacing": "0%",
        "lineHeight": "{Heading1.Bold.LineHeight}",
        "textTransform": "none",
        "textDecoration": "none"
      }
    },
    "Black": {
      "$type": "typography",
      "$value": {
        "fontFamily": "{Heading1.Black.Family}",
        "fontSize": "{Heading1.Black.Size}",
        "fontWeight": 900,
        "letterSpacing": "0%",
        "lineHeight": "{Heading1.Black.LineHeight}",
        "textTransform": "none",
        "textDecoration": "none"
      }
    }
  },
  "Heading 2": {
    "Regular": {
      "$type": "typography",
      "$value": {
        "fontFamily": "{Heading2.Regular.Family}",
        "fontSize": "{Heading2.Regular.Size}",
        "fontWeight": 400,
        "letterSpacing": "0%",
        "lineHeight": "{Heading2.Regular.LineHeight}",
        "textTransform": "none",
        "textDecoration": "none"
      }
    },
    "SemiBold": {
      "$type": "typography",
      "$value": {
        "fontFamily": "{Heading2.SemiBold.Family}",
        "fontSize": "{Heading2.SemiBold.Size}",
        "fontWeight": 600,
        "letterSpacing": "0%",
        "lineHeight": "{Heading2.SemiBold.LineHeight}",
        "textTransform": "none",
        "textDecoration": "none"
      }
    },
    "Bold": {
      "$type": "typography",
      "$value": {
        "fontFamily": "{Heading2.Bold.Family}",
        "fontSize": "{Heading2.Bold.Size}",
        "fontWeight": 700,
        "letterSpacing": "0%",
        "lineHeight": "{Heading2.Bold.LineHeight}",
        "textTransform": "none",
        "textDecoration": "none"
      }
    },
    "Black": {
      "$type": "typography",
      "$value": {
        "fontFamily": "{Heading2.Black.Family}",
        "fontSize": "{Heading2.Black.Size}",
        "fontWeight": 900,
        "letterSpacing": "0%",
        "lineHeight": "{Heading2.Black.LineHeight}",
        "textTransform": "none",
        "textDecoration": "none"
      }
    }
  },
  "Heading 3": {
    "Regular": {
      "$type": "typography",
      "$value": {
        "fontFamily": "{Heading3.Regular.Family}",
        "fontSize": "{Heading3.Regular.Size}",
        "fontWeight": 400,
        "letterSpacing": "0%",
        "lineHeight": "{Heading3.Regular.LineHeight}",
        "textTransform": "none",
        "textDecoration": "none"
      }
    },
    "SemiBold": {
      "$type": "typography",
      "$value": {
        "fontFamily": "{Heading3.SemiBold.Family}",
        "fontSize": "{Heading3.SemiBold.Size}",
        "fontWeight": 600,
        "letterSpacing": "0%",
        "lineHeight": "{Heading3.SemiBold.LineHeight}",
        "textTransform": "none",
        "textDecoration": "none"
      }
    },
    "Bold": {
      "$type": "typography",
      "$value": {
        "fontFamily": "{Heading3.Bold.Family}",
        "fontSize": "{Heading3.Bold.Size}",
        "fontWeight": 700,
        "letterSpacing": "0%",
        "lineHeight": "{Heading3.Bold.LineHeight}",
        "textTransform": "none",
        "textDecoration": "none"
      }
    },
    "Black": {
      "$type": "typography",
      "$value": {
        "fontFamily": "{Heading3.Black.Family}",
        "fontSize": "{Heading3.Black.Size}",
        "fontWeight": 900,
        "letterSpacing": "0%",
        "lineHeight": "{Heading3.Black.LineHeight}",
        "textTransform": "none",
        "textDecoration": "none"
      }
    }
  },
  "Heading 4": {
    "Regular": {
      "$type": "typography",
      "$value": {
        "fontFamily": "{Heading4.Regular.Family}",
        "fontSize": "{Heading4.Regular.Size}",
        "fontWeight": 400,
        "letterSpacing": "0%",
        "lineHeight": "{Heading4.Regular.LineHeight}",
        "textTransform": "none",
        "textDecoration": "none"
      }
    },
    "SemiBold": {
      "$type": "typography",
      "$value": {
        "fontFamily": "{Heading4.SemiBold.Family}",
        "fontSize": "{Heading4.SemiBold.Size}",
        "fontWeight": 600,
        "letterSpacing": "0%",
        "lineHeight": "{Heading4.SemiBold.LineHeight}",
        "textTransform": "none",
        "textDecoration": "none"
      }
    },
    "Bold": {
      "$type": "typography",
      "$value": {
        "fontFamily": "{Heading4.Bold.Family}",
        "fontSize": "{Heading4.Bold.Size}",
        "fontWeight": 700,
        "letterSpacing": "0%",
        "lineHeight": "{Heading4.Bold.LineHeight}",
        "textTransform": "none",
        "textDecoration": "none"
      }
    },
    "Black": {
      "$type": "typography",
      "$value": {
        "fontFamily": "{Heading4.Black.Family}",
        "fontSize": "{Heading4.Black.Size}",
        "fontWeight": 900,
        "letterSpacing": "0%",
        "lineHeight": "{Heading4.Black.LineHeight}",
        "textTransform": "none",
        "textDecoration": "none"
      }
    }
  },
  "Heading 5": {
    "Regular": {
      "$type": "typography",
      "$value": {
        "fontFamily": "{Heading5.Regular.Family}",
        "fontSize": "{Heading5.Regular.Size}",
        "fontWeight": 400,
        "letterSpacing": "0%",
        "lineHeight": "{Heading5.Regular.LineHeight}",
        "textTransform": "none",
        "textDecoration": "none"
      }
    },
    "SemiBold": {
      "$type": "typography",
      "$value": {
        "fontFamily": "{Heading5.SemiBold.Family}",
        "fontSize": "{Heading5.SemiBold.Size}",
        "fontWeight": 600,
        "letterSpacing": "0%",
        "lineHeight": "{Heading5.SemiBold.LineHeight}",
        "textTransform": "none",
        "textDecoration": "none"
      }
    },
    "Bold": {
      "$type": "typography",
      "$value": {
        "fontFamily": "{Heading5.Bold.Family}",
        "fontSize": "{Heading5.Bold.Size}",
        "fontWeight": 700,
        "letterSpacing": "0%",
        "lineHeight": "{Heading5.Bold.LineHeight}",
        "textTransform": "none",
        "textDecoration": "none"
      }
    },
    "Black": {
      "$type": "typography",
      "$value": {
        "fontFamily": "{Heading5.Black.Family}",
        "fontSize": "{Heading5.Black.Size}",
        "fontWeight": 900,
        "letterSpacing": "0%",
        "lineHeight": "{Heading5.Black.LineHeight}",
        "textTransform": "none",
        "textDecoration": "none"
      }
    }
  },
  "Heading 6": {
    "Regular": {
      "$type": "typography",
      "$value": {
        "fontFamily": "{Heading6.Regular.Family}",
        "fontSize": "{Heading6.Regular.Size}",
        "fontWeight": 400,
        "letterSpacing": "0%",
        "lineHeight": "{Heading6.Regular.LineHeight}",
        "textTransform": "none",
        "textDecoration": "none"
      }
    },
    "SemiBold": {
      "$type": "typography",
      "$value": {
        "fontFamily": "{Heading6.SemiBold.Family}",
        "fontSize": "{Heading6.SemiBold.Size}",
        "fontWeight": 600,
        "letterSpacing": "0%",
        "lineHeight": "{Heading6.SemiBold.LineHeight}",
        "textTransform": "none",
        "textDecoration": "none"
      }
    },
    "Bold": {
      "$type": "typography",
      "$value": {
        "fontFamily": "{Heading6.Bold.Family}",
        "fontSize": "{Heading6.Bold.Size}",
        "fontWeight": 700,
        "letterSpacing": "0%",
        "lineHeight": "{Heading6.Bold.LineHeight}",
        "textTransform": "none",
        "textDecoration": "none"
      }
    },
    "Black": {
      "$type": "typography",
      "$value": {
        "fontFamily": "{Heading6.Black.Family}",
        "fontSize": "{Heading6.Black.Size}",
        "fontWeight": 900,
        "letterSpacing": "0%",
        "lineHeight": "{Heading6.Black.LineHeight}",
        "textTransform": "none",
        "textDecoration": "none"
      }
    }
  },
  "Body Lead": {
    "Regular": {
      "$type": "typography",
      "$value": {
        "fontFamily": "{BodyLead.Regular.Family}",
        "fontSize": "{BodyLead.Regular.Size}",
        "fontWeight": 400,
        "letterSpacing": "0%",
        "lineHeight": "{BodyLead.Regular.LineHeight}",
        "textTransform": "none",
        "textDecoration": "none"
      }
    },
    "SemiBold": {
      "$type": "typography",
      "$value": {
        "fontFamily": "{BodyLead.SemiBold.Family}",
        "fontSize": "{BodyLead.SemiBold.Size}",
        "fontWeight": 600,
        "letterSpacing": "0%",
        "lineHeight": "{BodyLead.SemiBold.LineHeight}",
        "textTransform": "none",
        "textDecoration": "none"
      }
    },
    "Bold": {
      "$type": "typography",
      "$value": {
        "fontFamily": "{BodyLead.Bold.Family}",
        "fontSize": "{BodyLead.Bold.Size}",
        "fontWeight": 700,
        "letterSpacing": "0%",
        "lineHeight": "{BodyLead.Bold.LineHeight}",
        "textTransform": "none",
        "textDecoration": "none"
      }
    },
    "Black": {
      "$type": "typography",
      "$value": {
        "fontFamily": "{BodyLead.Black.Family}",
        "fontSize": "{BodyLead.Black.Size}",
        "fontWeight": 900,
        "letterSpacing": "0%",
        "lineHeight": "{BodyLead.Black.LineHeight}",
        "textTransform": "none",
        "textDecoration": "none"
      }
    }
  },
  "Body Base": {
    "Regular": {
      "$type": "typography",
      "$value": {
        "fontFamily": "{BodyBase.Regular.Family}",
        "fontSize": "{BodyBase.Regular.Size}",
        "fontWeight": 400,
        "letterSpacing": "0%",
        "lineHeight": "{BodyBase.Regular.LineHeight}",
        "textTransform": "none",
        "textDecoration": "none"
      }
    },
    "SemiBold": {
      "$type": "typography",
      "$value": {
        "fontFamily": "{BodyBase.SemiBold.Family}",
        "fontSize": "{BodyBase.SemiBold.Size}",
        "fontWeight": 600,
        "letterSpacing": "0%",
        "lineHeight": "{BodyBase.SemiBold.LineHeight}",
        "textTransform": "none",
        "textDecoration": "none"
      }
    },
    "Bold": {
      "$type": "typography",
      "$value": {
        "fontFamily": "{BodyBase.Bold.Family}",
        "fontSize": "{BodyBase.Bold.Size}",
        "fontWeight": 700,
        "letterSpacing": "0%",
        "lineHeight": "{BodyBase.Bold.LineHeight}",
        "textTransform": "none",
        "textDecoration": "none"
      }
    },
    "Black": {
      "$type": "typography",
      "$value": {
        "fontFamily": "{BodyBase.Black.Family}",
        "fontSize": "{BodyBase.Black.Size}",
        "fontWeight": 900,
        "letterSpacing": "0%",
        "lineHeight": "{BodyBase.Black.LineHeight}",
        "textTransform": "none",
        "textDecoration": "none"
      }
    }
  },
  "Body Medium": {
    "Regular": {
      "$type": "typography",
      "$value": {
        "fontFamily": "{BodyMedium.Regular.Family}",
        "fontSize": "{BodyMedium.Regular.Size}",
        "fontWeight": 400,
        "letterSpacing": "0%",
        "lineHeight": "{BodyMedium.Regular.LineHeight}",
        "textTransform": "none",
        "textDecoration": "none"
      }
    },
    "SemiBold": {
      "$type": "typography",
      "$value": {
        "fontFamily": "{BodyMedium.SemiBold.Family}",
        "fontSize": "{BodyMedium.SemiBold.Size}",
        "fontWeight": 600,
        "letterSpacing": "0%",
        "lineHeight": "{BodyMedium.SemiBold.LineHeight}",
        "textTransform": "none",
        "textDecoration": "none"
      }
    },
    "Bold": {
      "$type": "typography",
      "$value": {
        "fontFamily": "{BodyMedium.Bold.Family}",
        "fontSize": "{BodyMedium.Bold.Size}",
        "fontWeight": 700,
        "letterSpacing": "0%",
        "lineHeight": "{BodyMedium.Bold.LineHeight}",
        "textTransform": "none",
        "textDecoration": "none"
      }
    },
    "Black": {
      "$type": "typography",
      "$value": {
        "fontFamily": "{BodyMedium.Black.Family}",
        "fontSize": "{BodyMedium.Black.Size}",
        "fontWeight": 900,
        "letterSpacing": "0%",
        "lineHeight": "{BodyMedium.Black.LineHeight}",
        "textTransform": "none",
        "textDecoration": "none"
      }
    }
  },
  "Body Small": {
    "Regular": {
      "$type": "typography",
      "$value": {
        "fontFamily": "{BodySmall.Regular.Family}",
        "fontSize": "{BodySmall.Regular.Size}",
        "fontWeight": 400,
        "letterSpacing": "0%",
        "lineHeight": "{BodySmall.Regular.LineHeight}",
        "textTransform": "none",
        "textDecoration": "none"
      }
    },
    "SemiBold": {
      "$type": "typography",
      "$value": {
        "fontFamily": "{BodySmall.SemiBold.Family}",
        "fontSize": "{BodySmall.SemiBold.Size}",
        "fontWeight": 600,
        "letterSpacing": "0%",
        "lineHeight": "{BodySmall.SemiBold.LineHeight}",
        "textTransform": "none",
        "textDecoration": "none"
      }
    },
    "Bold": {
      "$type": "typography",
      "$value": {
        "fontFamily": "{BodySmall.Bold.Family}",
        "fontSize": "{BodySmall.Bold.Size}",
        "fontWeight": 700,
        "letterSpacing": "0%",
        "lineHeight": "{BodySmall.Bold.LineHeight}",
        "textTransform": "none",
        "textDecoration": "none"
      }
    },
    "Black": {
      "$type": "typography",
      "$value": {
        "fontFamily": "{BodySmall.Black.Family}",
        "fontSize": "{BodySmall.Black.Size}",
        "fontWeight": 900,
        "letterSpacing": "0%",
        "lineHeight": "{BodySmall.Black.LineHeight}",
        "textTransform": "none",
        "textDecoration": "none"
      }
    }
  },
  "Overline": {
    "Regular": {
      "$type": "typography",
      "$value": {
        "fontFamily": "{Overline.Regular.Family}",
        "fontSize": "{Overline.Regular.Size}",
        "fontWeight": 400,
        "letterSpacing": "0%",
        "lineHeight": "{Overline.Regular.LineHeight}",
        "textTransform": "uppercase",
        "textDecoration": "none"
      }
    },
    "SemiBold": {
      "$type": "typography",
      "$value": {
        "fontFamily": "{Overline.SemiBold.Family}",
        "fontSize": "{Overline.SemiBold.Size}",
        "fontWeight": 600,
        "letterSpacing": "0%",
        "lineHeight": "{Overline.SemiBold.LineHeight}",
        "textTransform": "uppercase",
        "textDecoration": "none"
      }
    },
    "Bold": {
      "$type": "typography",
      "$value": {
        "fontFamily": "{Overline.Bold.Family}",
        "fontSize": "{Overline.Bold.Size}",
        "fontWeight": 700,
        "letterSpacing": "0%",
        "lineHeight": "{Overline.Bold.LineHeight}",
        "textTransform": "uppercase",
        "textDecoration": "none"
      }
    },
    "Black": {
      "$type": "typography",
      "$value": {
        "fontFamily": "{Overline.Black.Family}",
        "fontSize": "{Overline.Black.Size}",
        "fontWeight": 900,
        "letterSpacing": "0%",
        "lineHeight": "{Overline.Black.LineHeight}",
        "textTransform": "uppercase",
        "textDecoration": "none"
      }
    }
  }
}