{
  "$schema": "https://json.schemastore.org/tsconfig",
  "compilerOptions": {
    "composite": false,
    "declaration": true,
    "declarationMap": true,
    "esModuleInterop": true,
    "forceConsistentCasingInFileNames": true,
    "isolatedModules": true,
    "inlineSources": false,
    "module": "esnext",
    "moduleResolution": "bundler",
    "noEmit": true,
    "noUnusedLocals": false,
    "noUnusedParameters": false,
    "noImplicitOverride": true,
    "noUncheckedIndexedAccess": true,
    "preserveWatchOutput": true,
    "skipLibCheck": true,
    "strict": true
  },
  "exclude": ["node_modules"]
}
